doi,year,authors,author_orcids,type,topics,title
10.1016/j.jhep.2023.09.008,2023,"['Riccardo De Carlis', 'Andrea Lauterio', 'Davide Bernasconi', 'Burcin Taner']","['0000-0003-3697-1653', '0000-0001-6110-8582', '0000-0001-8771-5428', '0000-0002-3916-3566']",journal-article,Surgery,Reply to: “Excellent long-term outcomes after sequential hypothermic and normothermic machine perfusion challenges the importance of functional donor warm ischemia time in DCD liver transplantation”
10.3390/curroncol28060391,2021,"['Nicolò Tamini', 'Luca Gianotti', 'Shadya Darwish', 'Salvatore Petitto', 'Davide Bernasconi', 'Massimo Oldani', 'Fabio Uggeri', 'Marco Braga', 'Luca Nespoli']","['0000-0003-3917-6831', '0000-0001-7335-8394', None, None, '0000-0001-8771-5428', None, None, None, None]",journal-article,Biochemistry,Do Preoperative Transfusions Impact Prognosis in Moderate to Severe Anaemic Surgical Patients with Colon Cancer?
10.3390/cancers13071745,2021,"['Nicolò Tamini', 'Davide Bernasconi', 'Lorenzo Ripamonti', 'Giulia Lo Bianco', 'Marco Braga', 'Luca Nespoli']","['0000-0003-3917-6831', '0000-0001-8771-5428', '0000-0002-3762-4285', None, None, '0000-0002-4945-5677']",journal-article,Oncology,Clinical Validation of the Comprehensive Complication Index in Colon Cancer Surgery
10.3390/cancers15082322,2023,"['Stefano Granieri', 'Alessia Kersik', 'Alessandro Bonomi', 'Simone Frassini', 'Davide Bernasconi', 'Sissi Paleino', 'Alessandro Germini', 'Elson Gjoni', 'Christian Cotsoglou']","['0000-0001-9167-3400', None, None, '0000-0003-1043-7401', '0000-0001-8771-5428', None, None, '0000-0002-5271-2777', '0000-0002-6348-0027']",journal-article,Oncology,The Role of Non-Peripancreatic Lymph Nodes in the Survival of Patients Suffering from Pancreatic Cancer of the Body and Tail: A Systematic Review and Meta-Analysis of High-Quality Studies
10.3390/healthcare12191988,2024,"['Diletta Fabrizi', 'Davide Paolo Bernasconi', 'Giulia Locatelli', 'Michela Luciani', 'Giorgio Beretta', 'Stefania Di Mauro', 'Paola Rebora', 'Davide Ausili']","['0000-0002-5152-8804', '0000-0001-8771-5428', '0000-0003-1841-8379', '0000-0001-7598-5658', '0009-0007-9596-6164', None, None, None]",journal-article,Clinical Psychology,How Are Diagnosis-Related Groups and Staffing Allocation Systems Associated with the Complexity of Nursing Care? An Observational Study
10.1016/j.eswa.2023.121368,2023,"['Mirko Agarla', 'Simone Bianco', 'Luigi Celona', 'Paolo Napoletano', 'Alexey Petrovsky', 'Flavio Piccoli', 'Raimondo Schettini', 'Ivan Shanin']","['0000-0002-0009-8007', '0000-0002-7070-1545', '0000-0002-5925-2646', '0000-0001-9112-0574', None, '0000-0001-7432-4284', '0000-0001-7461-1451', None]",journal-article,Experimental and Cognitive Psychology,Semi-supervised cross-lingual speech emotion recognition
10.1007/978-3-031-43148-7_5,2023,"['Simone Zini', 'Claudio Rota', 'Marco Buzzelli', 'Simone Bianco', 'Raimondo Schettini']","['0000-0002-8505-1581', '0000-0002-6086-9838', '0000-0003-1138-3345', '0000-0002-7070-1545', '0000-0001-7461-1451']",book-chapter,Computer Vision and Pattern Recognition,Shallow Camera Pipeline for Night Photography Enhancement
10.3390/s24227390,2024,"['Simone Bianco', 'Luigi Celona', 'Paolo Crotti', 'Paolo Napoletano', 'Giovanni Petraglia', 'Pietro Vinetti']","['0000-0002-7070-1545', '0000-0002-5925-2646', None, '0000-0001-9112-0574', None, None]",journal-article,Signal Processing,Enhancing Direction-of-Arrival Estimation with Multi-Task Learning
10.1007/978-3-031-43153-1_8,2023,"['Davide Marelli', 'Simone Bianco', 'Gianluigi Ciocca']","['0000-0003-2389-0301', '0000-0002-7070-1545', '0000-0003-2878-2131']",book-chapter,Computer Vision and Pattern Recognition,Evaluation of 3D Reconstruction Pipelines Under Varying Imaging Conditions
10.1016/j.isprsjprs.2023.03.002,2023,"['Davide Marelli', 'Luca Morelli', 'Elisa Mariarosaria Farella', 'Simone Bianco', 'Gianluigi Ciocca', 'Fabio Remondino']","['0000-0003-2389-0301', '0000-0001-7180-2279', '0000-0002-3404-6395', '0000-0002-7070-1545', '0000-0003-2878-2131', '0000-0001-6097-5342']",journal-article,Geology,ENRICH: Multi-purposE dataset for beNchmaRking In Computer vision and pHotogrammetry
10.1007/s42484-021-00056-8,2021,"['Leonardo Alchieri', 'Davide Badalotti', 'Pietro Bonardi', 'Simone Bianco']","[None, None, None, '0000-0002-7070-1545']",journal-article,Artificial Intelligence,An introduction to quantum machine learning: from quantum logic to quantum deep learning
10.1109/tci.2022.3203889,2022,"['Simone Zini', 'Marco Buzzelli', 'Simone Bianco', 'Raimondo Schettini']","['0000-0002-8505-1581', '0000-0003-1138-3345', '0000-0002-7070-1545', '0000-0001-7461-1451']",journal-article,"Atomic and Molecular Physics, and Optics",COCOA: Combining Color Constancy Algorithms for Images and Videos
10.1145/3727147,2025,"['Claudio Rota', 'Marco Buzzelli', 'Simone Bianco', 'Raimondo Schettini']","['0000-0002-6086-9838', '0000-0003-1138-3345', '0000-0002-7070-1545', '0000-0001-7461-1451']",journal-article,Computer Vision and Pattern Recognition,Scalable Residual Laplacian Network for HEVC-compressed Video Restoration
10.1007/978-3-030-13940-7_16,2019,"['Simone Bianco', 'Claudio Cusano', 'Flavio Piccoli', 'Raimondo Schettini']","['0000-0002-7070-1545', '0000-0001-9365-8167', '0000-0001-7432-4284', '0000-0001-7461-1451']",book-chapter,Computer Vision and Pattern Recognition,Learning Parametric Functions for Color Image Enhancement
10.1109/access.2020.2984387,2020,"['Simone Zini', 'Simone Bianco', 'Raimondo Schettini']","['0000-0002-8505-1581', '0000-0002-7070-1545', '0000-0001-7461-1451']",journal-article,Computer Vision and Pattern Recognition,Deep Residual Autoencoder for Blind Universal JPEG Restoration
10.1109/access.2019.2923856,2019,"['Simone Bianco', 'Paolo Napoletano']","['0000-0002-7070-1545', None]",journal-article,Cognitive Neuroscience,Biometric Recognition Using Multimodal Physiological Signals
10.1007/978-3-031-08421-8_23,2022,"['Simone Bianco', 'Luigi Celona', 'Intissar Khalifa', 'Paolo Napoletano', 'Alexey Petrovsky', 'Flavio Piccoli', 'Raimondo Schettini', 'Ivan Shanin']","['0000-0002-7070-1545', '0000-0002-5925-2646', None, '0000-0001-9112-0574', None, '0000-0001-7432-4284', '0000-0001-7461-1451', None]",book-chapter,Artificial Intelligence,ArabCeleb: Speaker Recognition in Arabic
10.1016/j.spl.2019.04.005,2019,"['Pier Giovanni Bissiri', 'Stephen G. Walker']","['0000-0003-3769-6649', '0000-0002-0497-238X']",journal-article,Artificial Intelligence,On general Bayesian inference using loss functions
10.1016/j.csda.2022.107555,2022,"['Pier Giovanni Bissiri', 'Galatia Cleanthous', 'Xavier Emery', 'Bernardo Nipoti', 'Emilio Porcu']","['0000-0003-3769-6649', None, '0000-0003-0396-5038', '0000-0003-1138-951X', None]",journal-article,Environmental Engineering,Nonparametric Bayesian modelling of longitudinally integrated covariance functions on spheres
10.7717/peerj-cs.2295,2024,"['Davide Chicco', 'Angeliki-Ilektra Karaiskou', 'Maarten De Vos']","['0000-0001-9655-7142', None, None]",journal-article,Cardiology and Cardiovascular Medicine,Ten quick tips for electrocardiogram (ECG) signal processing
10.1186/s13040-023-00326-0,2023,"['Davide Chicco', 'Giuseppe Jurman']","['0000-0001-9655-7142', '0000-0002-2705-5728']",journal-article,Molecular Biology,Ten simple rules for providing bioinformatics support within a hospital
10.1186/s13040-021-00244-z,2021,"['Davide Chicco', 'Niklas Tötsch', 'Giuseppe Jurman']","['0000-0001-9655-7142', None, None]",journal-article,Artificial Intelligence,"The Matthews correlation coefficient (MCC) is more reliable than balanced accuracy, bookmaker informedness, and markedness in two-class confusion matrix evaluation"
10.1371/journal.pcbi.1010718,2022,"['Davide Chicco', 'Luca Oneto', 'Erica Tavazzi']","['0000-0001-9655-7142', '0000-0002-8445-395X', None]",journal-article,Artificial Intelligence,Eleven quick tips for data cleaning and feature engineering
10.1371/journal.pcbi.1010348,2022,"['Davide Chicco', 'Giuseppe Agapito']","['0000-0001-9655-7142', '0000-0003-2868-7732']",journal-article,Molecular Biology,Nine quick tips for pathway enrichment analysis
10.7717/peerj-cs.623,2021,"['Davide Chicco', 'Matthijs J. Warrens', 'Giuseppe Jurman']","['0000-0001-9655-7142', '0000-0002-7302-640X', '0000-0002-2705-5728']",journal-article,Statistics and Probability,"The coefficient of determination R-squared is more informative than SMAPE, MAE, MAPE, MSE and RMSE in regression analysis evaluation"
10.1007/978-1-0716-0947-7_11,2021,"['Davide Chicco', 'Trent Faultless']","['0000-0001-9655-7142', '0000-0001-5172-3442']",book-chapter,Genetics,Brief Survey on Machine Learning in Epistasis
10.1007/978-1-0716-1839-4_12,2021,['Davide Chicco'],['0000-0001-9655-7142'],book-chapter,Molecular Biology,geneExpressionFromGEO: An R Package to Facilitate Data Reading from Gene Expression Omnibus (GEO)
10.1007/s41666-023-00138-1,2023,"['Gabriel Cerono', 'Ombretta Melaiu', 'Davide Chicco']","['0000-0002-9411-2526', '0000-0001-7118-5186', '0000-0001-9655-7142']",journal-article,"Radiology, Nuclear Medicine and Imaging",Clinical Feature Ranking Based on Ensemble Machine Learning Reveals Top Survival Factors for Glioblastoma Multiforme
10.1371/journal.pcbi.1011700,2023,"['Davide Chicco', 'Simone Spolaor', 'Marco S. Nobile']","['0000-0001-9655-7142', '0000-0002-3383-367X', '0000-0002-7692-7203']",journal-article,Molecular Biology,Ten quick tips for fuzzy logic modeling of biomedical systems
10.1186/s13040-023-00322-4,2023,"['Davide Chicco', 'Giuseppe Jurman']","['0000-0001-9655-7142', '0000-0002-2705-5728']",journal-article,Artificial Intelligence,The Matthews correlation coefficient (MCC) should replace the ROC AUC as the standard metric for assessing binary classification
10.32614/cran.package.geneexpressionfromgeo,2024,['Davide Chicco'],['0000-0001-9655-7142'],dataset,Molecular Biology,geneExpressionFromGEO: Easily Downloads a Gene Expression Dataset from a GEO Code and Retrieves the Gene Symbols of Its Probesets
10.1016/j.jbi.2023.104426,2023,"['Davide Chicco', 'Giuseppe Jurman']","['0000-0001-9655-7142', '0000-0002-2705-5728']",journal-article,Artificial Intelligence,"A statistical comparison between Matthews correlation coefficient (MCC), prevalence threshold, and Fowlkes–Mallows index"
10.1109/tcbb.2020.3041527,2020,"['Davide Chicco', 'Luca Oneto']","['0000-0001-9655-7142', '0000-0002-8445-395X']",journal-article,Molecular Biology,An Enhanced Random Forests Approach to Predict Heart Failure From Small Imbalanced Gene Expression Data
10.1109/access.2021.3068614,2021,"['Davide Chicco', 'Valery Starovoitov', 'Giuseppe Jurman']","['0000-0001-9655-7142', '0000-0001-7190-761X', '0000-0002-2705-5728']",journal-article,Artificial Intelligence,The Benefits of the Matthews Correlation Coefficient (MCC) Over the Diagnostic Odds Ratio (DOR) in Binary Classification Assessment
10.1007/978-3-031-84617-5_10,2025,"['Federica Filippini', 'Luca Cavenaghi', 'Nicolas Calmi', 'Marco Savi', 'Michele Ciavotta']","['0000-0002-6549-924X', '0009-0008-0787-9456', '0009-0000-3682-6558', '0000-0002-8193-0597', '0000-0002-2480-966X']",book-chapter,Computer Networks and Communications,ML-Based Performance Modeling in Edge FaaS Systems
10.1145/3660319.3660331,2024,"['Emanuele Petriglia', 'Federica Filippini', 'Giacomo Pracucci', 'Marco Savi', 'Michele Ciavotta']","['0009-0004-6579-4689', '0000-0002-6549-924X', '0009-0006-6821-3987', '0000-0002-8193-0597', '0000-0002-2480-966X']",proceedings-article,Electrical and Electronic Engineering,Comparing Actor-Critic and Neuroevolution Approaches for Traffic Offloading in FaaS-powered Edge Systems
10.1109/tsc.2022.3188440,2022,"['Federica Filippini', 'Marco Lattuada', 'Michele Ciavotta', 'Arezoo Jahani', 'Danilo Ardagna', 'Edoardo Amaldi']","['0000-0002-6549-924X', '0000-0003-0062-6049', '0000-0002-2480-966X', None, '0000-0003-4224-927X', None]",journal-article,Computer Networks and Communications,A Path Relinking Method for the Joint Online Scheduling and Capacity Allocation of DL Training Workloads in GPU as a Service Systems
10.3390/a15100376,2022,"['Stefano Fiorini', 'Michele Ciavotta', 'Andrea Maurino']","['0000-0001-5432-7584', '0000-0002-2480-966X', '0000-0001-9803-3668']",journal-article,Building and Construction,"Listening to the City, Attentively: A Spatio-Temporal Attention-Boosted Autoencoder for the Short-Term Flow Prediction Problem"
10.1145/3660319.3660329,2024,"['Federica Filippini', 'Nicolas Calmi', 'Luca Cavenaghi', 'Emanuele Petriglia', 'Marco Savi', 'Michele Ciavotta']","['0000-0002-6549-924X', '0009-0000-3682-6558', '0009-0008-0787-9456', '0009-0004-6579-4689', '0000-0002-8193-0597', '0000-0002-2480-966X']",proceedings-article,Information Systems,Analysis and Evaluation of Load Management Strategies in a Decentralized FaaS Environment: A Simulation-Based Framework
10.1007/978-3-031-84617-5_3,2025,"['Abubakari Alidu', 'Michele Ciavotta', 'Flavio De Paoli']","['0009-0000-9251-919X', '0000-0002-2480-966X', '0000-0002-0877-7063']",book-chapter,Management Science and Operations Research,SemT: A Framework for Enhancing Tabular Data Through Enrichment-as-a-Service
10.1109/tcc.2020.3015703,2020,"['Michele Ciavotta', 'Giovanni Paolo Gibilisco', 'Danilo Ardagna', 'Elisabetta Di Nitto', 'Marco Lattuada', 'Marcos Aurelio Almeida da Silva']","['0000-0002-2480-966X', None, '0000-0003-4224-927X', '0000-0003-3422-5171', '0000-0003-0062-6049', None]",journal-article,Computer Networks and Communications,Architectural Design of Cloud Applications: A Performance-Aware Cost Minimization Approach
10.1109/tnsm.2025.3570450,2025,"['Alessandro Tundo', 'Federica Filippini', 'Francesco Regonesi', 'Michele Ciavotta', 'Marco Savi']","['0000-0001-8840-8948', None, None, '0000-0002-2480-966X', '0000-0002-8193-0597']",journal-article,Computer Science Applications,Decentralized Edge Workload Forecasting With Gossip Learning
10.17815/cd.2024.172,2024,"['Lorenzo Lorgna', 'Giulia Ceccarelli', 'Andrea Gorrini', 'Michele Ciavotta']","[None, '0000-0002-6511-1217', '0000-0002-8086-9149', '0000-0002-2480-966X']",journal-article,Computer Vision and Pattern Recognition,Video Analytics for Understanding Pedestrian Mobility Patterns in Public Spaces: The Case of Milan
10.1016/j.tcs.2020.11.041,2020,"['Paola Bonizzoni', 'Gianluca Della Vedova', 'Yuri Pirola', 'Marco Previtali', 'Raffaella Rizzi']","['0000-0001-7289-4988', '0000-0001-5584-3089', '0000-0002-8479-7592', '0000-0003-3040-9539', '0000-0001-9730-7516']",journal-article,Artificial Intelligence,Computing the multi-string BWT and LCP array in external memory
10.53962/skdt-f8aq,2022,['Gianluca Della Vedova'],['0000-0001-5584-3089'],other,Building and Construction,Computational Aspects of Models of Evolution
10.1101/586545,2019,"['Simone Ciccolella', 'Murray Patterson', 'Paola Bonizzoni', 'Gianluca Della Vedova']","[None, '0000-0002-4329-0234', None, '0000-0001-5584-3089']",posted-content,Cancer Research,Effective Clustering for Single Cell Sequencing Cancer Data
10.1101/2020.05.05.076992,2020,"['Simone Ciccolella', 'Luca Denti', 'Paola Bonizzoni', 'Gianluca Della Vedova', 'Yuri Pirola', 'Marco Previtali']","['0000-0002-6469-4887', '0000-0001-8786-2276', '0000-0001-7289-4988', '0000-0001-5584-3089', '0000-0002-8479-7592', '0000-0003-3040-9539']",posted-content,Plant Science,MALVIRUS: an integrated web application for viral variant calling
10.1101/2023.11.06.565751,2023,"['Simone Ciccolella', 'Davide Cozzi', 'Gianluca Della Vedova', 'Stephen Njuguna Kuria', 'Paola Bonizzoni', 'Luca Denti']","['0000-0002-6469-4887', '0000-0003-2439-0608', '0000-0001-5584-3089', '0009-0002-6989-9117', '0000-0001-7289-4988', '0000-0001-8786-2276']",posted-content,Molecular Biology,Differential quantification of alternative splicing events on spliced pangenome graphs
10.1093/gigascience/giac119,2022,"['Jorge Avila\xa0Cartes', 'Santosh Anand', 'Simone Ciccolella', 'Paola Bonizzoni', 'Gianluca Della\xa0Vedova']","['0000-0003-3425-2823', '0000-0003-2287-0229', '0000-0002-6469-4887', '0000-0001-7289-4988', '0000-0001-5584-3089']",journal-article,Molecular Biology,Accurate and fast clade assignment via deep learning and frequency chaos game representation
10.1093/bioinformatics/btae292,2024,"['Jorge Avila Cartes', 'Paola Bonizzoni', 'Simone Ciccolella', 'Gianluca Della Vedova', 'Luca Denti', 'Xavier Didelot', 'Davide Cesare Monti', 'Yuri Pirola']","[None, '0000-0001-7289-4988', '0000-0002-6469-4887', '0000-0001-5584-3089', '0000-0001-8786-2276', '0000-0003-1885-500X', '0009-0004-1710-5500', '0000-0002-8479-7592']",journal-article,Molecular Biology,RecGraph: recombination-aware alignment of sequences to variation graphs
10.53962/q5n4-a3jp,2022,['Gianluca Della Vedova'],['0000-0001-5584-3089'],other,Molecular Biology,Scalable variant detection in pangenome models
10.1007/978-3-031-82768-6_8,2025,"['Akshay Juyal', 'Zahra Tayebi', 'Alexander Zelikovsky', 'Mauricio Soto-Gomez', 'Simone Ciccolella', 'Gianluca Della Vedova', 'Murray Patterson']","[None, None, None, '0000-0001-5977-9467', None, '0000-0001-5584-3089', None]",book-chapter,Cancer Research,Plastic: An Easy to Use and Modular Tool for Benchmarking Tumor Phylogeny Reconstruction Pipelines
10.1101/2024.09.17.613426,2024,"['Jorge Avila Cartes', 'Paola Bonizzoni', 'Simone Ciccolella', 'Gianluca Della Vedova', 'Luca Denti']","['0000-0003-3425-2823', '0000-0001-7289-4988', '0000-0002-6469-4887', '0000-0001-5584-3089', '0000-0001-8786-2276']",posted-content,Software,PangeBlocks: customized construction of pangenome graphs via maximal blocks
10.1101/2025.03.19.644115,2025,"['Jorge Avila Cartes', 'Simone Ciccolella', 'Luca Denti', 'Raghuram Dandinasivara', 'Gianluca Della Vedova', 'Paola Bonizzoni', 'Alexander Schönhuth']","['0000-0003-3425-2823', '0000-0002-6469-4887', '0000-0001-8786-2276', '0009-0004-1481-8521', '0000-0001-5584-3089', '0000-0001-7289-4988', '0000-0003-3529-0856']",posted-content,Molecular Biology,PanSpace: Fast and Scalable Indexing for Massive Bacterial Databases
10.1101/2022.10.27.513962,2022,"['Jorge Avila', 'Paola Bonizzoni', 'Simone Ciccolella', 'Gianluca Della Vedova', 'Luca Denti', 'Davide Monti', 'Yuri Pirola', 'Francesco Porto']","['0000-0003-3425-2823', '0000-0001-7289-4988', '0000-0002-6469-4887', '0000-0001-5584-3089', '0000-0001-8786-2276', None, '0000-0002-8479-7592', None]",posted-content,Molecular Biology,RecGraph: adding recombinations to sequence-to-graph alignments
10.1101/2025.01.18.633308,2025,"['Paola Bonizzoni', 'Davide Cesare Monti', 'Gianluca Della Vedova', 'Brian Riccardi', 'Raffaella Rizzi', 'Jouni Siren']","['0000-0001-7289-4988', '0009-0004-1710-5500', '0000-0001-5584-3089', '0000-0002-4925-9529', '0000-0001-9730-7516', '0000-0001-5828-4139']",posted-content,Hardware and Architecture,RecAlign: A* recombination-aware sequence to graph mapping
10.3390/a16070333,2023,"['Simone Ciccolella', 'Gianluca Della Vedova', 'Vladimir Filipović', 'Mauricio Soto Gomez']","['0000-0002-6469-4887', '0000-0001-5584-3089', '0000-0002-5943-8037', '0000-0001-5977-9467']",journal-article,Cancer Research,Three Metaheuristic Approaches for Tumor Phylogeny Inference: An Experimental Comparison
10.1007/978-3-031-17531-2_11,2022,"['Prakash Chourasia', 'Sarwan Ali', 'Simone Ciccolella', 'Gianluca Della Vedova', 'Murray Patterson']","['0000-0002-1443-2192', '0000-0001-8121-2168', '0000-0002-6469-4887', '0000-0001-5584-3089', '0000-0002-4329-0234']",book-chapter,Infectious Diseases,Clustering SARS-CoV-2 Variants from Raw High-Throughput Sequencing Reads Data
10.1093/bioinformatics/btaa779,2020,"['Luca Denti', 'Yuri Pirola', 'Marco Previtali', 'Tamara Ceccato', 'Gianluca Della Vedova', 'Raffaella Rizzi', 'Paola Bonizzoni']","['0000-0001-8786-2276', '0000-0002-8479-7592', '0000-0003-3040-9539', None, '0000-0001-5584-3089', None, None]",journal-article,Molecular Biology,Shark: fishing relevant reads in an RNA-Seq sample
10.1007/s11135-022-01405-w,2022,"['Lars Carlsen', 'Rainer Bruggemann', 'Marco Fattore']","['0000-0002-4379-6921', None, '0000-0002-6624-8637']",journal-article,Physical and Theoretical Chemistry,Factors determining the degree of gender equality within the European Union
10.1007/s10479-024-06352-3,2024,"['Marco Fattore', 'Lucio De Capitani', 'Alessandro Avellone', 'Andrea Suardi']","['0000-0002-6624-8637', '0000-0001-7495-4980', '0000-0003-1677-1005', None]",journal-article,Computational Theory and Mathematics,A fuzzy posetic toolbox for multi-criteria evaluation on ordinal data systems
10.3390/su132212679,2021,"['Alberto Arcagni', 'Marco Fattore', 'Filomena Maggino', 'Giorgio Vittadini']","['0000-0003-4170-1447', '0000-0002-6624-8637', None, None]",journal-article,Sociology and Political Science,Some Critical Reflections on the Measurement of Social Sustainability and Well-Being in Complex Societies
10.7866/hpe-rpe.23.4.2,2024,"['', 'Marco Fattore', 'Stefania M.L. Rimoldi', '']","[None, '0000-0002-6624-8637', '0000-0001-9693-9642', None]",journal-article,Economics and Econometrics,Effects of the Covid Pandemic on the Economic Vulnerability of Italian Society.
10.1145/3638529.3654049,2024,"['Martina Saletta', 'Claudio Ferretti']","['0000-0001-7250-8987', '0000-0001-9582-5045']",proceedings-article,Artificial Intelligence,Exploring the Prompt Space of Large Language Models through Evolutionary Sampling
10.3390/info14040251,2023,"['Martina Saletta', 'Claudio Ferretti']","['0000-0001-7250-8987', '0000-0001-9582-5045']",journal-article,Artificial Intelligence,Exploring Neural Dynamics in Source Code Processing Domain
10.3390/a15120449,2022,"['Claudio Ferretti', 'Martina Saletta']","['0000-0001-9582-5045', '0000-0001-7250-8987']",journal-article,Artificial Intelligence,Do Neural Transformers Learn Human-Defined Concepts? An Extensive Study in Source Code Processing Domain
10.3390/a16100478,2023,"['Valeria Mercuri', 'Martina Saletta', 'Claudio Ferretti']","['0009-0006-5966-8381', '0000-0001-7250-8987', '0000-0001-9582-5045']",journal-article,Artificial Intelligence,Evolutionary Approaches for Adversarial Attacks on Neural Source Code Classifiers
10.1007/978-3-031-13448-7_15,2022,"['Elisabetta Fersini', 'Simone Mottadelli', 'Michele Carbonera', 'Enza Messina']","['0000-0002-8987-100X', None, None, '0000-0002-4062-0824']",book-chapter,Artificial Intelligence,Deep Attributed Graph Embeddings
10.3390/math11204347,2023,"['Antonio Candelieri', 'Andrea Ponti', 'Elisabetta Fersini', 'Enza Messina', 'Francesco Archetti']","['0000-0003-1431-576X', '0000-0003-4187-4209', '0000-0002-8987-100X', '0000-0002-4062-0824', '0000-0003-1131-3830']",journal-article,Computational Theory and Mathematics,Safe Optimal Control of Dynamic Systems: Learning from Experts and Safely Exploring New Policies
10.1016/j.ipm.2023.103474,2023,"['Giulia Rizzi', 'Francesca Gasparini', 'Aurora Saibene', 'Paolo Rosso', 'Elisabetta Fersini']","[None, None, None, None, '0000-0002-8987-100X']",journal-article,Artificial Intelligence,Recognizing misogynous memes: Biased models and tricky archetypes
10.1007/978-3-030-64583-0_27,2021,"['Mauro Maria Baldi', 'Elisabetta Fersini', 'Enza Messina']","['0000-0001-5531-3854', '0000-0002-8987-100X', '0000-0002-4062-0824']",book-chapter,Information Systems,Relational Bayesian Model Averaging for Sentiment Analysis in Social Networks
10.1007/978-3-031-35320-8_10,2023,"['Reynier Ortega-Bueno', 'Paolo Rosso', 'Elisabetta Fersini']","['0000-0003-2708-2678', '0000-0002-8922-1242', '0000-0002-8987-100X']",book-chapter,Artificial Intelligence,Cross-Domain and Cross-Language Irony Detection: The Impact of Bias on Models’ Generalization
10.1016/j.dib.2022.108526,2022,"['Francesca Gasparini', 'Giulia Rizzi', 'Aurora Saibene', 'Elisabetta Fersini']","['0000-0002-6279-6660', None, '0000-0002-4405-8234', '0000-0002-8987-100X']",journal-article,Social Psychology,Benchmark dataset of memes with text transcriptions for automatic detection of multi-modal misogynistic content
10.1007/978-3-030-29563-9_13,2019,"['Debora Nozza', 'Cezar Sas', 'Elisabetta Fersini', 'Enza Messina']","['0000-0002-7998-2267', '0000-0002-3018-0140', '0000-0002-8987-100X', '0000-0002-4062-0824']",book-chapter,Artificial Intelligence,Word Embeddings for Unsupervised Named Entity Linking
10.1007/978-3-030-80599-9_4,2021,"['Silvia Terragni', 'Elisabetta Fersini', 'Enza Messina']","['0000-0002-0358-1854', '0000-0002-8987-100X', '0000-0002-4062-0824']",book-chapter,Artificial Intelligence,Word Embedding-Based Topic Similarity Measures
10.1007/978-3-031-08421-8_19,2022,"['Elisabetta Fersini', 'Giulia Rizzi', 'Aurora Saibene', 'Francesca Gasparini']","['0000-0002-8987-100X', '0000-0002-0619-0760', '0000-0002-4405-8234', '0000-0002-6279-6660']",book-chapter,Social Psychology,Misogynous MEME Recognition: A Preliminary Study
10.1007/978-3-031-56066-8_3,2024,"['Giulia Rizzi', 'Alessandro Astorino', 'Paolo Rosso', 'Elisabetta Fersini']","['0000-0002-0619-0760', None, '0000-0002-8922-1242', '0000-0002-8987-100X']",book-chapter,Artificial Intelligence,Unraveling Disagreement Constituents in Hateful Speech
10.1111/ecno.12193,2021,"['Fulvia Pennoni', 'Francesco Bartolucci', 'Gianfranco Forte', 'Ferdinando Ametrano']","['0000-0002-6331-7211', '0000-0001-7057-1421', '0000-0002-3412-4162', '0000-0001-8521-0063']",journal-article,Economics and Econometrics,Exploring the dependencies among main cryptocurrency log‐returns: A hidden Markov model
10.1109/access.2020.3004184,2020,"['Fakhreddine Zayer', 'Baker Mohammad', 'Hani Saleh', 'Gabriele Gianini']","['0000-0003-1989-5951', '0000-0002-6063-473X', '0000-0002-7185-0278', '0000-0001-5186-0199']",journal-article,Electrical and Electronic Engineering,RRAM Crossbar-Based In-Memory Computation of Anisotropic Filters for Image Preprocessingloa
10.36227/techrxiv.173108023.33295275/v1,2024,"['Gianini Gabriele', 'Francesca Cappitelli', 'Sara Goidanich', 'Fabrizio Passarini', 'Letizia Berti']","['0000-0001-5186-0199', None, None, None, None]",posted-content,Artificial Intelligence,The Dual Role of Subaerial Biofilms through the Lens of AI: the case for Causal Networks and Targeted Learning
10.3390/info16030186,2025,"['Saman Fouladi', 'Luca Di Palma', 'Fatemeh Darvizeh', 'Deborah Fazzini', 'Alessandro Maiocchi', 'Sergio Papa', 'Gabriele Gianini', 'Marco Alì']","['0000-0003-3367-4952', None, None, None, None, None, '0000-0001-5186-0199', None]",journal-article,Computer Vision and Pattern Recognition,Neural Network Models for Prostate Zones Segmentation in Magnetic Resonance Imaging
10.3390/brainsci14101009,2024,"['Bojana Bjegojević', 'Miloš Pušica', 'Gabriele Gianini', 'Ivan Gligorijević', 'Sam Cromie', 'Maria Chiara Leva']","[None, '0009-0003-4522-6222', '0000-0001-5186-0199', None, '0000-0001-5023-0435', '0000-0002-6770-8332']",journal-article,Social Psychology,Neuroergonomic Attention Assessment in Safety-Critical Tasks: EEG Indices and Subjective Metrics Validation in a Novel Task-Embedded Reaction Time Paradigm
10.3390/s23135921,2023,"['Shruti', 'Shalli Rani', 'Dipak Kumar Sah', 'Gabriele Gianini']","['0000-0002-6528-3457', '0000-0002-8474-9435', None, '0000-0001-5186-0199']",journal-article,Artificial Intelligence,Attribute-Based Encryption Schemes for Next Generation Wireless IoT Networks: A Comprehensive Survey
10.1007/978-3-031-08974-9_45,2022,"['Gabriele Gianini', 'Jianyi Lin', 'Corrado Mio', 'Ernesto Damiani']","['0000-0001-5186-0199', '0000-0002-3299-448X', '0000-0002-1087-4866', '0000-0002-9557-6496']",book-chapter,Artificial Intelligence,Set-Based Counterfactuals in Partial Classification
10.3390/s21072414,2021,"['Ebtesam Almazrouei', 'Gabriele Gianini', 'Nawaf Almoosa', 'Ernesto Damiani']","['0000-0003-3445-0467', '0000-0001-5186-0199', '0000-0002-5091-3030', None]",journal-article,Artificial Intelligence,Robust Computationally-Efficient Wireless Emitter Classification Using Autoencoders and Convolutional Neural Networks
10.3390/info15110728,2024,"['Inês F. Ramos', 'Gabriele Gianini', 'Maria Chiara Leva', 'Ernesto Damiani']","['0000-0003-3576-2550', '0000-0001-5186-0199', '0000-0002-6770-8332', '0000-0002-9557-6496']",journal-article,Radiological and Ultrasound Technology,Collaborative Intelligence for Safety-Critical Industries: A Literature Review
10.3390/en16104198,2023,"['Anshika Sharma', 'Himanshi Babbar', 'Shalli Rani', 'Dipak Kumar Sah', 'Sountharrajan Sehar', 'Gabriele Gianini']","['0000-0002-8160-0766', '0000-0003-4580-6617', '0000-0002-8474-9435', None, '0000-0003-4248-3875', '0000-0001-5186-0199']",journal-article,Computer Networks and Communications,MHSEER: A Meta-Heuristic Secure and Energy-Efficient Routing Protocol for Wireless Sensor Network-Based Industrial IoT
10.1145/3672608.3707709,2025,"['Corrado Mio', 'Jianyi Lin', 'Ernesto Damiani', 'Gabriele Gianini']","['0000-0002-1087-4866', '0000-0002-3299-448X', '0000-0002-9557-6496', '0000-0001-5186-0199']",proceedings-article,Control and Systems Engineering,Supervised Ensemble-based Causal DAG Selection
10.1007/978-3-031-51643-6_9,2024,"['Himanshi Babbar', 'Shalli Rani', 'Aman Singh', 'Gabriele Gianini']","['0000-0003-4580-6617', '0000-0002-8474-9435', '0000-0001-6571-327X', '0000-0001-5186-0199']",book-chapter,Computer Networks and Communications,Detecting Cyberattacks to Federated Learning on Software-Defined Networks
10.1007/s00521-021-05798-x,2021,"['Parminder Singh', 'Avinash Kaur', 'Ranbir Singh Batth', 'Sukhpreet Kaur', 'Gabriele Gianini']","[None, None, None, None, '0000-0001-5186-0199']",journal-article,Health Information Management,Multi-disease big data analysis using beetle swarm optimization and an adaptive neuro-fuzzy inference system
10.1007/978-3-031-51643-6_10,2024,"['Gabriele Gianini', 'Annalisa Barsotti', 'Corrado Mio', 'Jianyi Lin']","['0000-0001-5186-0199', '0000-0002-8279-729X', '0000-0002-1087-4866', '0000-0002-3299-448X']",book-chapter,Artificial Intelligence,Heterogeneous Transfer Learning from a Partial Information Decomposition Perspective
10.3390/en16176248,2023,"['Roopali Dogra', 'Shalli Rani', 'Gabriele Gianini']","[None, '0000-0002-8474-9435', '0000-0001-5186-0199']",journal-article,Computer Networks and Communications,REERP: A Region-Based Energy-Efficient Routing Protocol for IoT Wireless Sensor Networks
10.1109/access.2022.3171799,2022,"['Meriem Bettayeb', 'Fakhreddine Zayer', 'Heba Abunahla', 'Gabriele Gianini', 'Baker Mohammad']","['0000-0002-0163-1395', '0000-0003-1989-5951', '0000-0002-5357-2374', '0000-0001-5186-0199', '0000-0002-6063-473X']",journal-article,Computer Vision and Pattern Recognition,An Efficient In-Memory Computing Architecture for Image Enhancement in AI Applications
10.1364/josaa.471953,2022,"['Michela Lecca', 'Gabriele Gianini', 'Raul Paolo Serapioni']","['0000-0001-7961-0212', '0000-0001-5186-0199', None]",journal-article,Computer Vision and Pattern Recognition,Mathematical insights into the original Retinex algorithm for image enhancement
10.1007/978-3-031-51643-6_17,2024,"['Marco Anisetti', 'Claudio A. Ardagna', 'Nicola Bena', 'Vincenzo Giandomenico', 'Gabriele Gianini']","['0000-0002-5438-9467', '0000-0001-7426-4795', '0000-0003-4909-9892', '0009-0001-7729-0574', '0000-0001-5186-0199']",book-chapter,Signal Processing,Lightweight Behavior-Based Malware Detection
10.1007/978-3-030-85158-3_1,2021,"['Aldo Geuna', 'Marco Guerzoni', 'Massimiliano Nuccio', 'Fabio Pammolli', 'Armando Rungi']","['0000-0001-8587-840X', '0000-0001-7415-0771', '0000-0002-0751-2143', '0000-0001-7056-1303', '0000-0002-2204-582X']",book-chapter,,Introduction
10.1007/s40821-024-00266-7,2024,"['Zakaria Babutsidze', 'Marco Guerzoni', 'Luigi Riso']","[None, '0000-0001-7415-0771', None]",journal-article,Molecular Biology,Correction: Time varying effects in survival analysis: a novel data-driven method for drift identification and variable selection
10.1007/978-3-030-85158-3_5,2021,"['Aldo Geuna', 'Marco Guerzoni', 'Massimiliano Nuccio', 'Fabio Pammolli', 'Armando Rungi']","['0000-0001-8587-840X', '0000-0001-7415-0771', '0000-0002-0751-2143', '0000-0001-7056-1303', '0000-0002-2204-582X']",book-chapter,Political Science and International Relations,The Way Ahead Towards Advanced Automation: Policy Implication for Core Italian Manufacturing Regions
10.1093/icc/dtad037,2023,"['Marco Guerzoni', 'Massimiliano Nuccio', 'Federico Tamagni']","['0000-0001-7415-0771', '0000-0002-0751-2143', '0000-0001-6476-6388']",journal-article,Economics and Econometrics,Pre-entry knowledge base complexity and post-entry growth: evidence from Italian firms
10.1007/978-3-030-85158-3,2021,"['Aldo Geuna', 'Marco Guerzoni', 'Massimiliano Nuccio', 'Fabio Pammolli', 'Armando Rungi']","['0000-0001-8587-840X', '0000-0001-7415-0771', '0000-0002-0751-2143', '0000-0001-7056-1303', '0000-0002-2204-582X']",book,Sociology and Political Science,Resilience and Digital Disruption
10.1016/j.techfore.2024.123597,2024,"['Carlo Bottai', 'Lisa Crosato', 'Josep Domenech', 'Marco Guerzoni', 'Caterina Liberati']","['0000-0002-2878-9360', '0000-0002-3415-656X', '0000-0002-7302-5810', '0000-0001-7415-0771', '0000-0001-9910-4018']",journal-article,Strategy and Management,Scraping innovativeness from corporate websites: Empirical evidence on Italian manufacturing SMEs
10.1080/20421338.2021.1945773,2021,"['Alexander Jordan', 'Marco Guerzoni']","[None, '0000-0001-7415-0771']",journal-article,General Agricultural and Biological Sciences,Extension services in Ethiopia: First adoption of chemical fertilizers in rural villages
10.1007/s00191-021-00731-w,2021,"['Alexander Jordan', 'Marco Guerzoni']","[None, '0000-0001-7415-0771']",journal-article,Demography,“Cursed is the ground because of you”:
10.4995/carma2023.2023.16466,2023,"['Lisa Crosato', 'Carlo Bottai', 'Josep Domenech', 'Marco Guerzoni', 'Caterina Liberati']","['0000-0002-3415-656X', '0000-0002-2878-9360', '0000-0002-7302-5810', '0000-0001-7415-0771', '0000-0001-9910-4018']",proceedings-article,Economics and Econometrics,Can websites reveal a firm’s innovativeness? Empirical evidence on Italian manufacturing SMEs
10.1007/s40821-024-00260-z,2024,"['Zakaria Babutsidze', 'Marco Guerzoni', 'Luigi Riso']","[None, '0000-0001-7415-0771', None]",journal-article,Economics and Econometrics,Time varying effects in survival analysis: a novel data-driven method for drift identification and variable selection
10.1007/978-3-030-85158-3_3,2021,"['Aldo Geuna', 'Marco Guerzoni', 'Massimiliano Nuccio', 'Fabio Pammolli', 'Armando Rungi']","['0000-0001-8587-840X', '0000-0001-7415-0771', '0000-0002-0751-2143', '0000-0001-7056-1303', '0000-0002-2204-582X']",book-chapter,Economics and Econometrics,Participation in Global Supply Chains and the Offshorability of Italian Jobs
10.1007/978-3-030-85158-3_4,2021,"['Aldo Geuna', 'Marco Guerzoni', 'Massimiliano Nuccio', 'Fabio Pammolli', 'Armando Rungi']","['0000-0001-8587-840X', '0000-0001-7415-0771', '0000-0002-0751-2143', '0000-0001-7056-1303', '0000-0002-2204-582X']",book-chapter,Industrial and Manufacturing Engineering,Digital Manufacturing and the Transformation of the Automotive Industry
10.1007/978-3-030-85158-3_2,2021,"['Aldo Geuna', 'Marco Guerzoni', 'Massimiliano Nuccio', 'Fabio Pammolli', 'Armando Rungi']","['0000-0001-8587-840X', '0000-0001-7415-0771', '0000-0002-0751-2143', '0000-0001-7056-1303', '0000-0002-2204-582X']",book-chapter,Economics and Econometrics,Digital Technologies and Industrial Transformations
10.1093/scipol/scae060,2024,"['Massimiliano Nuccio', 'Marco Guerzoni', 'Riccardo Cappelli', 'Aldo Geuna']","[None, '0000-0001-7415-0771', '0000-0001-7917-5142', None]",journal-article,Economics and Econometrics,The diffusion of industrial robots in Europe: regional or country effect?
10.1371/journal.pone.0261839,2022,"['Nadine Marmai', 'Maria Franco Villoria', 'Marco Guerzoni']","[None, None, '0000-0001-7415-0771']",journal-article,Soil Science,How the Black Swan damages the harvest: Extreme weather events and the fragility of agriculture in development countries
10.1016/j.eswa.2025.127191,2025,"['Marco Cremaschi', 'Davide Ditolve', 'Cesare Curcio', 'Anna Panzeri', 'Andrea Spoto', 'Andrea Maurino']","['0000-0001-7840-6228', '0009-0009-8612-5659', '0009-0003-7657-6612', '0000-0001-5999-858X', '0000-0002-7580-544X', '0000-0001-9803-3668']",journal-article,Family Practice,Decoding the mind: A RAG-LLM on ICD-11 for decision support in psychology
10.1145/3719206,2025,"['Marco Cremaschi', ""Fabio D'Adda"", 'Andrea Maurino']","['0000-0001-7840-6228', '0009-0006-0995-0661', '0000-0001-9803-3668']",journal-article,Artificial Intelligence,stEELlm: An LLM for Generating Semantic Annotations of Tabular Data
10.1007/978-3-030-57321-8_9,2020,"['Fabio Mercorio', 'Mario Mezzanzanica', 'Andrea Seveso']","['0000-0001-6864-2702', '0000-0003-0399-2810', '0000-0001-7132-7703']",book-chapter,Artificial Intelligence,eXDiL: A Tool for Classifying and eXplaining Hospital Discharge Letters
10.1007/978-3-030-86523-8_37,2021,"['Lorenzo Malandri', 'Fabio Mercorio', 'Mario Mezzanzanica', 'Navid Nobani']","['0000-0002-0222-9365', '0000-0001-6864-2702', '0000-0003-0399-2810', '0000-0001-9964-097X']",book-chapter,Artificial Intelligence,TaxoRef: Embeddings Evaluation for AI-driven Taxonomy Refinement
10.1145/3672608.3707906,2025,"[""Simone D'Amico"", 'Alessia De Santo', 'Mario Mezzanzanica', 'Fabio Mercorio']","['0009-0002-2820-0277', '0009-0004-5067-9506', '0000-0003-0399-2810', '0000-0001-6864-2702']",proceedings-article,Information Systems,Taxonomy Expansion through Collaborative LLM Mapping
10.1145/3672608.3707960,2025,"['Lorenzo Malandri', 'Fabio Mercorio', 'Antonio Serino']","['0000-0002-0222-9365', '0000-0001-6864-2702', '0009-0008-0737-8547']",proceedings-article,Computer Vision and Pattern Recognition,SkiLLMo: Normalized ESCO Skill Extraction through Transformer Models
10.1007/s12559-021-09987-7,2022,"['Anna Giabelli', 'Lorenzo Malandri', 'Fabio Mercorio', 'Mario Mezzanzanica', 'Navid Nobani']","['0000-0001-9419-4800', '0000-0002-0222-9365', '0000-0001-6864-2702', '0000-0003-0399-2810', '0000-0001-9964-097X']",journal-article,Artificial Intelligence,Embeddings Evaluation Using a Novel Measure of Semantic Similarity
10.1007/978-3-031-74633-8_28,2024,"['Vittorio Haardt', 'Lorenzo Malandri', 'Fabio Mercorio', 'Luca Porcelli']","['0009-0005-6877-8112', '0000-0002-0222-9365', '0000-0001-6864-2702', '0009-0001-7967-9559']",book-chapter,Artificial Intelligence,SEEDOT: Tool for Enhancing Sentiment Lexicon with Machine Learning
10.1007/s11042-020-09115-x,2020,"['Anna Giabelli', 'Lorenzo Malandri', 'Fabio Mercorio', 'Mario Mezzanzanica']","[None, None, '0000-0001-6864-2702', None]",journal-article,Computer Vision and Pattern Recognition,GraphLMI: A data driven system for exploring labor market information through graph databases
10.1145/3672608.3707718,2025,"['Samuele Colombo', ""Simone D'Amico"", 'Lorenzo Malandri', 'Fabio Mercorio', 'Andrea Seveso']","['0009-0001-4958-927X', '0009-0002-2820-0277', '0000-0002-0222-9365', '0000-0001-6864-2702', '0000-0001-7132-7703']",proceedings-article,Information Systems,JobSet: Synthetic Job Advertisements Dataset for Labour Market Intelligence
10.1007/978-3-031-63787-2_11,2024,"['Alessandro Castelnovo', 'Roberto Depalmas', 'Fabio Mercorio', 'Nicolò Mombelli', 'Daniele Potertì', 'Antonio Serino', 'Andrea Seveso', 'Salvatore Sorrentino', 'Laura Viola']","['0000-0001-5234-1155', None, '0000-0001-6864-2702', '0009-0006-0550-7240', '0009-0006-6525-4492', '0009-0008-0737-8547', '0000-0001-7132-7703', '0000-0001-9125-5225', None]",book-chapter,Artificial Intelligence,Augmenting XAI with LLMs: A Case Study in Banking Marketing Recommendation
10.1016/j.ipm.2022.103111,2022,"['Erik Cambria', 'Lorenzo Malandri', 'Fabio Mercorio', 'Mario Mezzanzanica', 'Navid Nobani']","[None, None, '0000-0001-6864-2702', None, '0000-0001-9964-097X']",journal-article,Artificial Intelligence,A survey on XAI and natural language explanations
10.1016/j.knosys.2021.108053,2022,"['Noemi Gozzi', 'Lorenzo Malandri', 'Fabio Mercorio', 'Alessandra Pedrocchi']","['0000-0003-0126-7893', '0000-0002-0222-9365', '0000-0001-6864-2702', None]",journal-article,Biomedical Engineering,XAI for myo-controlled prosthesis: Explaining EMG data for hand gesture classification
10.1109/tetc.2019.2952765,2019,"['Fabio Mercorio', 'Mario Mezzazanica', 'Vincenzo Moscato', 'Antonio Picariello', 'Giancarlo Sperli']","['0000-0001-6864-2702', '0000-0003-0399-2810', '0000-0002-0754-7696', '0000-0003-4804-1007', '0000-0003-4033-3777']",journal-article,Statistical and Nonlinear Physics,DICO: A Graph-DB Framework for Community Detection on Big Scholarly Data
10.1016/j.inffus.2021.11.016,2021,"['Lorenzo Malandri', 'Fabio Mercorio', 'Mario Mezzanzanica', 'Navid Nobani', 'Andrea Seveso']","['0000-0002-0222-9365', '0000-0001-6864-2702', '0000-0003-0399-2810', '0000-0001-9964-097X', '0000-0001-7132-7703']",journal-article,Artificial Intelligence,ContrXT: Generating contrastive explanations from any text classifier
10.1007/978-3-030-62466-8_35,2020,"['Anna Giabelli', 'Lorenzo Malandri', 'Fabio Mercorio', 'Mario Mezzanzanica', 'Andrea Seveso']","['0000-0001-9419-4800', '0000-0002-0222-9365', '0000-0001-6864-2702', '0000-0003-0399-2810', '0000-0001-7132-7703']",book-chapter,Artificial Intelligence,NEO: A Tool for Taxonomy Enrichment with New Emerging Occupations
10.1007/978-3-031-82481-4_1,2025,"['Xiaochen Chou', 'Enza Messina', 'Stein W. Wallace']","['0000-0003-1491-9336', '0000-0002-4062-0824', '0000-0001-5909-7909']",book-chapter,Management Science and Operations Research,Solving Two-Stage Stochastic Programming Problems via Machine Learning
10.3390/s19235192,2019,"['Antonio Candelieri', 'Stanislav Fedorov', 'Enza Messina']","['0000-0003-1431-576X', '0000-0002-8896-5047', '0000-0002-4062-0824']",journal-article,Signal Processing,Efficient Kernel-Based Subsequence Search for Enabling Health Monitoring Services in IoT-Based Home Setting
10.1016/j.ipm.2021.102537,2021,"['Debora Nozza', 'Pikakshi Manchanda', 'Elisabetta Fersini', 'Matteo Palmonari', 'Enza Messina']","[None, None, None, None, '0000-0002-4062-0824']",journal-article,Artificial Intelligence,LearningToAdapt with word embeddings: Domain adaptation of Named Entity Recognition systems
10.3390/a16100479,2023,"['Xiaochen Chou', 'Enza Messina']","['0000-0003-1491-9336', '0000-0002-4062-0824']",journal-article,Management Science and Operations Research,Problem-Driven Scenario Generation for Stochastic Programming Problems: A Survey
10.1007/978-3-030-64583-0_31,2021,"['Bruno G. Galuzzi', 'Enza Messina', 'Antonio Candelieri', 'Francesco Archetti']","['0000-0002-8518-5352', '0000-0002-4062-0824', '0000-0003-1431-576X', '0000-0003-1131-3830']",book-chapter,Artificial Intelligence,Optimal Scenario-Tree Selection for Multistage Stochastic Programming
10.1016/j.compbiomed.2024.108028,2024,"['Dario Bertazioli', 'Marco Piazza', 'Cristiano Carlomagno', 'Alice Gualerzi', 'Marzia Bedoni', 'Enza Messina']","[None, '0000-0002-8337-0415', None, None, '0000-0003-2618-3661', '0000-0002-4062-0824']",journal-article,Biophysics,An integrated computational pipeline for machine learning-driven diagnosis based on Raman spectra of saliva samples
10.1007/s11634-021-00465-4,2021,"['G. S. Monti', 'P. Filzmoser']","['0000-0002-7952-3618', '0000-0002-8014-4682']",journal-article,Artificial Intelligence,Robust logistic zero-sum regression for microbiome compositional data
10.1093/bioinformatics/btab572,2021,"['Gianna Serafina Monti', 'Peter Filzmoser']","['0000-0002-7952-3618', None]",journal-article,Artificial Intelligence,Sparse least trimmed squares regression with compositional covariates for high-dimensional data
10.1002/bimj.201900404,2021,"['Sonia Migliorati', 'Gianna Serafina Monti', 'Marco Vighi']","['0000-0002-8968-9240', '0000-0002-7952-3618', None]",journal-article,Food Science,Ecological hazard assessment via species sensitivity distributions: The non‐exchangeability issue
10.1007/s00180-022-01268-7,2022,"['Gianna Serafina Monti', 'Peter Filzmoser']","['0000-0002-7952-3618', None]",journal-article,Artificial Intelligence,A robust knockoff filter for sparse regression analysis of microbiome compositional data
10.1007/s10479-023-05483-3,2023,"['Mina D’Aversa', 'Alessandra Mainini', 'Enrico Moretto', 'Silvana Stefani', 'Pierpaolo Uberti']","[None, None, '0000-0002-3436-1395', None, None]",journal-article,Soil Science,Minimizing the impact of geographical basis risk on weather derivatives
10.1016/j.matcom.2021.03.013,2021,"['Silvana Stefani', 'Marcel Ausloos', 'Concepción González-Concepción', 'Adeyemi Sonubi', 'Ma Candelaria Gil-Fariña', 'Celina Pestano-Gabino', 'Enrico Moretto']","[None, None, None, None, None, None, '0000-0002-3436-1395']",journal-article,Sociology and Political Science,"Competing or collaborating, with no symmetrical behaviour: Leadership opportunities and winning strategies under stability"
10.3390/risks8040118,2020,"['Silvana Stefani', 'Gleda Kutrolli', 'Enrico Moretto', 'Sergei Kulakov']","['0000-0002-1032-0214', '0000-0001-6602-2622', '0000-0002-3436-1395', '0000-0002-8075-2012']",journal-article,Soil Science,Managing Meteorological Risk through Expected Shortfall
10.1007/978-3-031-08421-8_24,2022,"['Intissar Khalifa', 'Ridha Ejbali', 'Paolo Napoletano', 'Raimondo Schettini', 'Mourad Zaied']","[None, '0000-0002-8148-1621', '0000-0001-9112-0574', '0000-0001-7461-1451', '0000-0003-4013-5834']",book-chapter,Experimental and Cognitive Psychology,"Static, Dynamic and Acceleration Features for CNN-Based Speech Emotion Recognition"
10.1109/access.2024.3396990,2024,"['Emanuele Aiello', 'Mirko Agarla', 'Diego Valsesia', 'Paolo Napoletano', 'Tiziano Bianchi', 'Enrico Magli', 'Raimondo Schettini']","[None, '0000-0002-0009-8007', '0000-0003-1997-2910', '0000-0001-9112-0574', '0000-0002-3965-3522', '0000-0002-0901-0251', '0000-0001-7461-1451']",journal-article,Media Technology,Synthetic Data Pretraining for Hyperspectral Image Super-Resolution
10.1007/978-3-030-13940-7_13,2019,"['Gianluigi Ciocca', 'Paolo Napoletano', 'Raimondo Schettini']","['0000-0003-2878-2131', '0000-0001-9112-0574', '0000-0001-7461-1451']",book-chapter,Computer Vision and Pattern Recognition,Evaluation of Automatic Image Color Theme Extraction Methods
10.3390/rs16122079,2024,"['Simone Zini', 'Mirko Paolo Barbato', 'Flavio Piccoli', 'Paolo Napoletano']","['0000-0002-8505-1581', '0000-0002-3967-8957', '0000-0001-7432-4284', '0000-0001-9112-0574']",journal-article,Media Technology,Deep Learning Hyperspectral Pansharpening on Large-Scale PRISMA Dataset
10.3390/s21134314,2021,"['Riccardo Berto', 'Paolo Napoletano', 'Marco Savi']","['0000-0001-8618-6499', '0000-0001-9112-0574', '0000-0002-8193-0597']",journal-article,Electrical and Electronic Engineering,A LoRa-Based Mesh Network for Peer-to-Peer Long-Range Communication
10.1016/j.cageo.2023.105433,2023,"['Flavio Piccoli', 'Micol Rossini', 'Roberto Colombo', 'Raimondo Schettini', 'Paolo Napoletano']","['0000-0001-7432-4284', '0000-0002-6052-3140', '0000-0003-3997-0576', '0000-0001-7461-1451', '0000-0001-9112-0574']",journal-article,Analytical Chemistry,A deep scalable neural architecture for soil properties estimation from spectral information
10.3390/s21030994,2021,"['Marco Leonardi', 'Paolo Napoletano', 'Raimondo Schettini', 'Alessandro Rozza']","['0000-0002-7989-1162', '0000-0001-9112-0574', '0000-0001-7461-1451', '0000-0001-6269-1351']",journal-article,Computer Vision and Pattern Recognition,"No Reference, Opinion Unaware Image Quality Assessment by Anomaly Detection"
10.1007/978-3-030-34255-5_28,2019,"['Anna Ferrari', 'Daniela Micucci', 'Marco Mobilio', 'Paolo Napoletano']","[None, '0000-0003-1261-2234', '0000-0002-3499-0159', '0000-0001-9112-0574']",book-chapter,Computer Vision and Pattern Recognition,Human Activities Recognition Using Accelerometer and Gyroscope
10.3390/s23187893,2023,"['Mirko Agarla', 'Paolo Napoletano', 'Raimondo Schettini']","['0000-0002-0009-8007', '0000-0001-9112-0574', '0000-0001-7461-1451']",journal-article,Analytical Chemistry,Quasi Real-Time Apple Defect Segmentation Using Deep Learning
10.3390/app11062758,2021,"['Ian-Christopher Tanoh', 'Paolo Napoletano']","['0000-0001-7248-9472', '0000-0001-9112-0574']",journal-article,Cardiology and Cardiovascular Medicine,A Novel 1-D CCANet for ECG Classification
10.1016/j.eswa.2024.123600,2024,"['Mirko Paolo Barbato', 'Flavio Piccoli', 'Paolo Napoletano']","['0000-0002-3967-8957', '0000-0001-7432-4284', '0000-0001-9112-0574']",journal-article,Media Technology,Ticino: A multi-modal remote sensing dataset for semantic segmentation
10.1016/j.eswa.2021.115852,2021,"['Luigi Celona', 'Gianluigi Ciocca', 'Paolo Napoletano']","['0000-0002-5925-2646', '0000-0003-2878-2131', '0000-0001-9112-0574']",journal-article,Computer Vision and Pattern Recognition,"A grid anchor based cropping approach exploiting image aesthetics, geometric composition, and semantics"
10.1007/978-3-030-62466-8_21,2020,"['Vincenzo Cutrona', 'Federico Bianchi', 'Ernesto Jiménez-Ruiz', 'Matteo Palmonari']","['0000-0001-7830-7596', '0000-0003-0776-361X', '0000-0002-9083-4599', '0000-0002-1801-5118']",book-chapter,Management Science and Operations Research,Tough Tables: Carefully Evaluating Entity Linking for Tabular Data
10.1007/978-981-96-0567-5_30,2024,"['Riccardo Pozzi', 'Valentina Barbera', 'Renzo Alva Principe', 'Davide Giardini', 'Riccardo Rubini', 'Matteo Palmonari']","['0000-0002-4954-3837', '0009-0000-5177-0919', '0000-0002-8540-6389', '0009-0007-8909-2309', '0009-0001-0955-6721', '0000-0002-1801-5118']",book-chapter,Artificial Intelligence,Combining Knowledge Graphs and NLP to Analyze Instant Messaging Data in Criminal Investigations
10.1145/3579051.3579063,2023,"['Riccardo Pozzi', 'Federico Moiraghi', 'Fausto Lodi', 'Matteo Palmonari']","['0000-0002-4954-3837', '0000-0002-4613-8115', '0000-0003-4506-2304', '0000-0002-1801-5118']",proceedings-article,Information Systems,Evaluation of Incremental Entity Extraction with Background Knowledge and Entity Linking
10.1007/978-3-031-47546-7_13,2023,"['Riccardo Pozzi', 'Riccardo Rubini', 'Christian Bernasconi', 'Matteo Palmonari']","['0000-0002-4954-3837', '0009-0001-0955-6721', '0009-0005-8655-4446', '0000-0002-1801-5118']",book-chapter,Artificial Intelligence,Named Entity Recognition and Linking for Entity Extraction from Italian Civil Judgements
10.1145/3543873.3587614,2023,"['M.Besher Massri', 'Blerina Spahiu', 'Marko Grobelnik', 'Vladimir Alexiev', 'Matteo Palmonari', 'Dumitru Roman']","['0000-0001-9134-4025', '0000-0002-6958-8215', '0000-0001-7373-5591', '0000-0001-7508-7428', '0000-0002-1801-5118', '0000-0001-6397-3705']",proceedings-article,Artificial Intelligence,Towards InnoGraph: A Knowledge Graph for AI Innovation
10.1007/978-3-031-77847-6_19,2025,"['Gianluca Demartini', 'Katja Hose', 'Maribel Acosta', 'Matteo Palmonari', 'Gong Cheng', 'Hala Skaf-Molli', 'Nicolas Ferranti', 'Daniel Hernández', 'Aidan Hogan']","['0000-0002-7311-3693', '0000-0001-7025-8099', '0000-0002-1209-2868', '0000-0002-1801-5118', '0000-0003-3539-7776', '0000-0003-1062-6659', '0000-0002-5574-1987', '0000-0002-7896-0875', '0000-0001-9482-1982']",book-chapter,Artificial Intelligence,Correction to: The Semantic Web – ISWC 2024
10.1007/978-3-031-70239-6_23,2024,"['Aurora Cerabolini', 'Gabriella Pasi', 'Marco Viviani']","[None, '0000-0002-6080-8170', '0000-0002-2274-9050']",book-chapter,Artificial Intelligence,Automating Gender-Inclusive Language Modification in Italian University Administrative Documents
10.1109/tfuzz.2024.3362897,2024,"['Gian Carlo Milanese', 'Gabriella Pasi']","['0000-0002-1757-0152', '0000-0002-6080-8170']",journal-article,Artificial Intelligence,Similarity-Based Reasoning With Order-Sorted Feature Logic
10.1145/3631938,2023,"['Arian Askari', 'Suzan Verberne', 'Amin Abolghasemi', 'Wessel Kraaij', 'Gabriella Pasi']","['0000-0003-4712-832X', '0000-0002-9609-9505', '0009-0002-3725-7312', '0000-0001-7797-619X', '0000-0002-6080-8170']",journal-article,Artificial Intelligence,Retrieval for Extremely Long Queries and Documents with RPRS: A Highly Efficient and Effective Transformer-based Re-Ranker
10.1145/3599696.3612902,2023,"['Rishabh Upadhyay', 'Gabriella Pasi', 'Marco Viviani']","['0000-0001-9937-6494', '0000-0002-6080-8170', '0000-0002-2274-9050']",proceedings-article,Sociology and Political Science,Leveraging Socio-contextual Information in BERT for Fake Health News Detection in Social Media
10.1016/j.future.2021.06.044,2021,"['Marco Viviani', 'Cristina Crocamo', 'Matteo Mazzola', 'Francesco Bartoli', 'Giuseppe Carrà', 'Gabriella Pasi']","['0000-0002-2274-9050', '0000-0002-2979-2107', '0000-0001-9548-8720', '0000-0003-2612-4119', '0000-0002-6877-6169', '0000-0002-6080-8170']",journal-article,Social Psychology,Assessing vulnerability to psychological distress during the COVID-19 pandemic through the analysis of microblogging content
10.1007/s11042-022-13368-z,2022,"['Rishabh Upadhyay', 'Gabriella Pasi', 'Marco Viviani']","['0000-0001-9937-6494', '0000-0002-6080-8170', '0000-0002-2274-9050']",journal-article,Sociology and Political Science,Vec4Cred: a model for health misinformation detection in web pages
10.3390/ijerph17051510,2020,"['Cristina Crocamo', 'Marco Viviani', 'Francesco Bartoli', 'Giuseppe Carrà', 'Gabriella Pasi']","['0000-0002-2979-2107', '0000-0002-2274-9050', '0000-0003-2612-4119', '0000-0002-6877-6169', '0000-0002-6080-8170']",journal-article,Information Systems,Detecting Binge Drinking and Alcohol-Related Risky Behaviours from Twitter’s Users: An Exploratory Content- and Topology-Based Analysis
10.1007/978-3-030-58219-7_19,2020,"['Lorraine Goeuriot', 'Hanna Suominen', 'Liadh Kelly', 'Antonio Miranda-Escalada', 'Martin Krallinger', 'Zhengyang Liu', 'Gabriella Pasi', 'Gabriela Gonzalez Saez', 'Marco Viviani', 'Chenchen Xu']","['0000-0001-7491-1980', '0000-0002-4195-1641', '0000-0003-1131-5238', '0000-0002-5654-001X', '0000-0002-2646-8782', None, '0000-0002-6080-8170', '0000-0003-0878-5263', '0000-0002-2274-9050', None]",book-chapter,Artificial Intelligence,Overview of the CLEF eHealth Evaluation Lab 2020
10.1007/978-3-031-56027-9_16,2024,"['Rishabh Upadhyay', 'Arian Askari', 'Gabriella Pasi', 'Marco Viviani']","['0000-0001-9937-6494', '0000-0001-2345-6789', '0000-0002-6080-8170', '0000-0002-2274-9050']",book-chapter,Artificial Intelligence,Beyond Topicality: Including Multidimensional Relevance in Cross-encoder Re-ranking
10.1016/j.ins.2019.07.037,2019,"['Gabriella Pasi', 'Marco Viviani', 'Alexandre Carton']","['0000-0002-6080-8170', '0000-0002-2274-9050', None]",journal-article,Information Systems,A Multi-Criteria Decision Making approach based on the Choquet integral for assessing the credibility of User-Generated Content
10.2196/56038,2025,"['Xiancheng Li', 'Emanuela Vaghi', 'Gabriella Pasi', 'Neil S Coulson', 'Anna De Simoni', 'Marco Viviani', '']","['0009-0003-3734-1634', '0009-0002-5166-781X', '0000-0002-6080-8170', '0000-0001-9940-909X', '0000-0001-6955-0885', '0000-0002-2274-9050', None]",journal-article,Health,Understanding the Engagement and Interaction of Superusers and Regular Users in UK Respiratory Online Health Communities: Deep Learning–Based Sentiment Analysis
10.1007/s13278-021-00779-3,2021,"['Giacomo Villa', 'Gabriella Pasi', 'Marco Viviani']","[None, '0000-0002-6080-8170', '0000-0002-2274-9050']",journal-article,Sociology and Political Science,Echo chamber detection and analysis
10.1007/978-3-030-60975-7_22,2020,"['Divi Galih Prasetyo Putri', 'Marco Viviani', 'Gabriella Pasi']","[None, '0000-0002-2274-9050', '0000-0002-6080-8170']",book-chapter,Information Systems,Social Search and Task-Related Relevance Dimensions in Microblogging Sites
10.1016/j.inffus.2021.11.010,2021,"['Elias Bassani', 'Gabriella Pasi']","['0000-0001-7922-2578', '0000-0002-6080-8170']",journal-article,Information Systems,A multi-representation re-ranking model for Personalized Product Search
10.1007/978-3-030-85251-1_9,2021,"['Divi Galih Prasetyo Putri', 'Marco Viviani', 'Gabriella Pasi']","[None, '0000-0002-2274-9050', '0000-0002-6080-8170']",book-chapter,Artificial Intelligence,A Multi-Task Learning Model for Multidimensional Relevance Assessment
10.1016/j.fss.2019.03.019,2019,"['Hassan Aït-Kaci', 'Gabriella Pasi']","[None, '0000-0002-6080-8170']",journal-article,Artificial Intelligence,Fuzzy lattice operations on first-order terms over signatures with similar constructors: A constraint-based approach
10.1016/j.ijforecast.2022.12.008,2023,"['Giacomo Sbrana', 'Matteo Pelagatti']","['0000-0002-5378-6233', '0000-0002-1860-7535']",journal-article,Management Science and Operations Research,Optimal hierarchical EWMA forecasting
10.1016/j.irfa.2025.103961,2025,"['Gianluca Gucciardi', 'Elisa Ossola', 'Lucia Parisio', 'Matteo Pelagatti']","['0000-0002-8814-5575', '0000-0001-5616-5785', '0000-0001-9372-9148', '0000-0002-1860-7535']",journal-article,Strategy and Management,Common factors behind companies’ Environmental ratings
10.3390/forecast5010003,2022,"['Silvia Golia', 'Luigi Grossi', 'Matteo Pelagatti']","[None, None, '0000-0002-1860-7535']",journal-article,Electrical and Electronic Engineering,Machine Learning Models and Intra-Daily Market Information for the Prediction of Italian Electricity Prices
10.3390/ijerph17031088,2020,"['Paolo Maranzano', 'Alessandro Fassò', 'Matteo Pelagatti', 'Manfred Mudelsee']","['0000-0002-9228-2759', '0000-0001-5132-9488', '0000-0002-1860-7535', '0000-0002-2364-9561']",journal-article,"Health, Toxicology and Mutagenesis","Statistical Modeling of the Early-Stage Impact of a New Traffic Policy in Milan, Italy"
10.32614/cran.package.jumps,2025,"['Matteo Pelagatti', 'Paolo Maranzano']","['0000-0002-1860-7535', '0000-0002-9228-2759']",dataset,Signal Processing,jumps: Hodrick-Prescott Filter with Jumps
10.1016/j.econmod.2023.106352,2023,"['Angelica Gianfreda', 'Paolo Maranzano', 'Lucia Parisio', 'Matteo Pelagatti']","[None, None, None, '0000-0002-1860-7535']",journal-article,"General Economics, Econometrics and Finance",Testing for integration and cointegration when time series are observed with noise
10.1080/14697688.2023.2278502,2024,"['Matteo Pelagatti', 'Giacomo Sbrana']","['0000-0002-1860-7535', None]",journal-article,Finance,Estimating correlations among elliptically distributed random variables under any form of heteroskedasticity
10.1016/j.econmod.2025.107132,2025,"['Paolo Maranzano', 'Matteo Pelagatti']","[None, '0000-0002-1860-7535']",journal-article,Computer Vision and Pattern Recognition,A Hodrick–Prescott filter with automatically selected breaks
10.1002/sim.9129,2021,"['Francesco Bartolucci', 'Fulvia Pennoni', 'Antonietta Mira']","['0000-0001-7057-1421', '0000-0002-6331-7211', '0000-0002-5609-7935']",journal-article,Modeling and Simulation,A multivariate statistical approach to predict COVID‐19 count data with epidemiological interpretation and uncertainty quantification
10.1007/s11749-023-00877-8,2023,"['Fulvia Pennoni', 'Leonard J. Paas', 'Francesco Bartolucci']","['0000-0002-6331-7211', None, None]",journal-article,Statistics and Probability,A causal hidden Markov model for assessing effects of multiple direct mail campaigns
10.1007/s00357-024-09464-4,2024,"['Fulvia Pennoni', 'Francesco Bartolucci', 'Silvia Pandolfi']","['0000-0002-6331-7211', None, None]",journal-article,Artificial Intelligence,Erratum to: Variable Selection for Hidden Markov Models with Continuous Variables and Missing Data
10.1007/s11205-020-02428-2,2020,"['Anna Garriga', 'Fulvia Pennoni']","[None, '0000-0002-6331-7211']",journal-article,Demography,The Causal Effects of Parental Divorce and Parental Temporary Separation on Children’s Cognitive Abilities and Psychological Well-being According to Parental Relationship Quality
10.1016/j.jmva.2025.105423,2025,"['Francesco Bartolucci', 'Silvia Pandolfi', 'Fulvia Pennoni']","[None, None, '0000-0002-6331-7211']",journal-article,Artificial Intelligence,On a class of finite mixture models that includes hidden Markov models
10.1007/s10260-019-00467-9,2019,"['Francesco Bartolucci', 'Fulvia Pennoni']","['0000-0001-7057-1421', '0000-0002-6331-7211']",journal-article,Economics and Econometrics,"Comment on: The class of CUB models: statistical foundations, inferential issues and empirical evidence"
10.1002/agr.21667,2020,"['Francesca Bassi', 'Fulvia Pennoni', 'Luca Rossetto']","['0000-0002-3257-7029', '0000-0002-6331-7211', '0000-0001-7070-153X']",journal-article,"Tourism, Leisure and Hospitality Management","The Italian market of sparkling wines: Latent variable models for brand positioning, customer loyalty, and transitions across brands' preferences"
10.1007/s11205-021-02813-5,2022,"['Fulvia Pennoni', 'Beata Bal-Domańska']","['0000-0002-6331-7211', '0000-0003-0395-4259']",journal-article,Sociology and Political Science,NEETs and Youth Unemployment: A Longitudinal Comparison Across European Countries
10.1111/insr.12562,2024,"['Federico P. Cortese', 'Fulvia Pennoni', 'Francesco Bartolucci']","['0000-0002-6931-3924', '0000-0002-6331-7211', '0000-0001-7057-1421']",journal-article,Finance,Maximum Likelihood Estimation of Multivariate Regime Switching Student‐<i>t</i> Copula Models
10.1007/s10260-019-00483-9,2019,"['Fulvia Pennoni', 'Ewa Genge']","['0000-0002-6331-7211', '0000-0002-8899-3697']",journal-article,Statistical and Nonlinear Physics,Analysing the course of public trust via hidden Markov models: a focus on the Polish society
10.1007/s00357-023-09457-9,2024,"['Fulvia Pennoni', 'Francesco Bartolucci', 'Silvia Pandolfi']","['0000-0002-6331-7211', None, None]",journal-article,Artificial Intelligence,Variable Selection for Hidden Markov Models with Continuous Variables and Missing Data
10.1007/s11205-023-03261-z,2024,"['Francesco Bartolucci', 'Donata Favaro', 'Fulvia Pennoni', 'Dario Sciulli']","[None, None, '0000-0002-6331-7211', None]",journal-article,"Management, Monitoring, Policy and Law",An Analysis of the Effect of Streaming on Civic Participation Through a Causal Hidden Markov Model
10.1371/journal.pcbi.1006733,2019,"['Chiara Damiani', 'Davide Maspero', 'Marzia Di Filippo', 'Riccardo Colombo', 'Dario Pescini', 'Alex Graudenzi', 'Hans Victor Westerhoff', 'Lilia Alberghina', 'Marco Vanoni', 'Giancarlo Mauri']","['0000-0002-5742-8302', '0000-0001-8519-4331', '0000-0002-7428-0522', '0000-0002-9499-0126', '0000-0002-3090-4823', '0000-0001-5452-1918', '0000-0002-0443-6114', '0000-0003-1694-931X', None, '0000-0003-3520-4022']",journal-article,Molecular Biology,Integration of single-cell RNA-seq data into population models to characterize cancer metabolism
10.2196/38701,2022,"['Marzia Di Filippo', 'Alessandro Avellone', 'Michael Belingheri', 'Maria Emilia Paladino', 'Michele Augusto Riva', 'Antonella Zambon', 'Dario Pescini']","['0000-0002-7428-0522', '0000-0003-1677-1005', '0000-0001-6807-6819', '0000-0003-4351-2711', '0000-0001-7147-3460', '0000-0001-6443-3858', '0000-0002-3090-4823']",journal-article,Toxicology,A Mobile App Leveraging Citizenship Engagement to Perform Anonymized Longitudinal Studies in the Context of COVID-19 Adverse Drug Reaction Monitoring: Development and Usability Study
10.2196/preprints.38701,2022,"['Marzia Di Filippo', 'Alessandro Avellone', 'Michael Belingheri', 'Maria Emilia Paladino', 'Michele Augusto Riva', 'Antonella Zambon', 'Dario Pescini']","['0000-0002-7428-0522', '0000-0003-1677-1005', '0000-0001-6807-6819', None, '0000-0001-7147-3460', '0000-0001-6443-3858', '0000-0002-3090-4823']",posted-content,Toxicology,Mobile apps for ADR reporting: enabling longitudinal studies and fostering citizenship engagement. (Preprint)
10.1101/2021.02.28.433152,2021,"['Marzia Di Filippo', 'Chiara Damiani', 'Dario Pescini']","['0000-0002-7428-0522', '0000-0002-5742-8302', '0000-0002-3090-4823']",posted-content,Molecular Biology,GPRuler: metabolic Gene-Protein-Reaction rules automatic reconstruction
10.1371/journal.pcbi.1009550,2021,"['Marzia Di Filippo', 'Chiara Damiani', 'Dario Pescini']","['0000-0002-7428-0522', '0000-0002-5742-8302', '0000-0002-3090-4823']",journal-article,Molecular Biology,GPRuler: Metabolic gene-protein-reaction rules automatic reconstruction
10.1007/978-3-030-34585-3_16,2020,"['Chiara Damiani', 'Dario Pescini', 'Marco S. Nobile']","['0000-0002-5742-8302', '0000-0002-3090-4823', '0000-0002-7692-7203']",book-chapter,Molecular Biology,Global Sensitivity Analysis of Constraint-Based Metabolic Models
10.1007/978-3-030-21733-4_9,2019,"['Davide Maspero', 'Alex Graudenzi', 'Satwinder Singh', 'Dario Pescini', 'Giancarlo Mauri', 'Marco Antoniotti', 'Chiara Damiani']","['0000-0001-8519-4331', '0000-0001-5452-1918', None, '0000-0002-3090-4823', '0000-0002-2823-6838', '0000-0003-3520-4022', '0000-0002-5742-8302']",book-chapter,Molecular Biology,Synchronization Effects in a Metabolism-Driven Model of Multi-cellular System
10.1101/2020.11.05.369983,2020,"['Giulia Agostinetto', 'Anna Sandionigi', 'Adam Chahed', 'Alberto Brusati', 'Elena Parladori', 'Bachir Balech', 'Antonia Bruno', 'Dario Pescini', 'Maurizio Casiraghi']","['0000-0003-0506-8816', '0000-0002-5257-0027', None, None, None, '0000-0002-4419-0729', '0000-0002-1929-6652', '0000-0002-3090-4823', '0000-0002-2733-2094']",posted-content,Ecology,ExTaxsI: an exploration tool of biodiversity molecular data
10.1371/journal.pcbi.1009337,2022,"['Marzia Di Filippo', 'Dario Pescini', 'Bruno Giovanni Galuzzi', 'Marcella Bonanomi', 'Daniela Gaglio', 'Eleonora Mangano', 'Clarissa Consolandi', 'Lilia Alberghina', 'Marco Vanoni', 'Chiara Damiani']","['0000-0002-7428-0522', '0000-0002-3090-4823', '0000-0002-8518-5352', '0000-0003-0886-7613', None, '0000-0002-4040-4654', '0000-0002-9328-9557', None, None, '0000-0002-5742-8302']",journal-article,Molecular Biology,INTEGRATE: Model-based multi-omics data integration to characterize multi-level metabolic regulation
10.3390/app11167548,2021,"['Luca Presotto', 'Valentino Bettinardi', 'Elisabetta De Bernardi']","['0000-0002-8809-0877', '0000-0002-4501-9106', '0000-0002-8394-0342']",journal-article,"Radiology, Nuclear Medicine and Imaging",A Simple Contrast Matching Rule for OSEM Reconstructed PET Images with Different Time of Flight Resolution
10.1093/eurjcn/zvac013,2022,"['Giulia Locatelli', 'Valentina Zeffiro', 'Giuseppe Occhino', 'Paola Rebora', 'Gabriele Caggianelli', 'Davide Ausili', 'Rosaria Alvaro', 'Barbara Riegel', 'Ercole Vellone']","['0000-0003-1841-8379', '0000-0002-1701-1879', '0000-0002-7074-9354', '0000-0003-0606-5852', '0000-0002-1985-3068', '0000-0001-5212-6463', '0000-0002-4659-1569', '0000-0002-0970-136X', '0000-0003-4673-7473']",journal-article,Cardiology and Cardiovascular Medicine,"Effectiveness of Motivational Interviewing on contribution to self-care, self-efficacy, and preparedness in caregivers of patients with heart failure: a secondary outcome analysis of the MOTIVATE-HF randomized controlled trial"
10.1007/s12020-020-02189-5,2020,"['Rosario Caruso', 'Paola Rebora', 'Michela Luciani', 'Stefania Di Mauro', 'Davide Ausili']","['0000-0002-7736-6209', '0000-0003-0606-5852', '0000-0001-7598-5658', '0000-0002-9625-5651', '0000-0001-5212-6463']",journal-article,"Endocrinology, Diabetes and Metabolism",Sex-related differences in self-care behaviors of adults with type 2 diabetes mellitus
10.3390/biomedicines11061555,2023,"['Giuseppe Regolisti', 'Paola Rebora', 'Giuseppe Occhino', 'Giulia Lieti', 'Giulio Molon', 'Alessandro Maloberti', 'Michela Algeri', 'Cristina Giannattasio', 'Maria Grazia Valsecchi', 'Simonetta Genovesi']","['0000-0002-9976-5681', '0000-0003-0606-5852', None, None, '0000-0001-8287-0461', '0000-0002-2612-6264', None, None, None, '0000-0002-4699-4149']",journal-article,Pulmonary and Respiratory Medicine,Elevated Serum Urea-to-Creatinine Ratio and In-Hospital Death in Patients with Hyponatremia Hospitalized for COVID-19
10.1186/s12874-022-01627-4,2022,"['Francesca Graziano', 'Maria Grazia Valsecchi', 'Paola Rebora']","[None, None, '0000-0003-0606-5852']",journal-article,Statistics and Probability,Correction: Sampling strategies to evaluate the prognostic value of a new biomarker on a time-to-event end-point
10.1007/s00134-025-07900-6,2025,"['Zoltan Endre', 'Paola Rebora', 'Marlies Ostermann']","['0000-0002-4782-8695', '0000-0003-0606-5852', '0000-0001-9500-9080']",journal-article,Nephrology,Persistent severe AKI is bad—where to go now?
10.1007/s12020-020-02354-w,2020,"['Diletta Fabrizi', 'Paola Rebora', 'Michela Luciani', 'Stefania Di Mauro', 'Maria Grazia Valsecchi', 'Davide Ausili']","['0000-0002-5152-8804', '0000-0003-0606-5852', '0000-0001-7598-5658', '0000-0002-9625-5651', '0000-0001-5574-3504', '0000-0001-5212-6463']",journal-article,"Endocrinology, Diabetes and Metabolism","How do self-care maintenance, self-care monitoring, and self-care management affect glycated haemoglobin in adults with type 2 diabetes? A multicentre observational study"
10.1186/s12913-020-5038-5,2020,"['Davide Ausili', 'Davide Paolo Bernasconi', 'Paola Rebora', 'Lucia Prestini', 'Giorgio Beretta', 'Laura Ferraioli', 'Anna Cazzaniga', 'Maria Grazia Valsecchi', 'Stefania Di Mauro']","[None, None, '0000-0003-0606-5852', None, None, None, None, None, None]",journal-article,General Health Professions,Complexity of nursing care at 24 h from admission predicts in-hospital mortality in medical units: a cohort study
10.1186/s12874-021-01283-0,2021,"['Francesca Graziano', 'Maria Grazia Valsecchi', 'Paola Rebora']","[None, None, '0000-0003-0606-5852']",journal-article,Statistics and Probability,Sampling strategies to evaluate the prognostic value of a new biomarker on a time-to-event end-point
10.1186/s12874-019-0873-y,2019,"['Maeregu W. Arisido', 'Laura Antolini', 'Davide P. Bernasconi', 'Maria G. Valsecchi', 'Paola Rebora']","[None, None, None, None, '0000-0003-0606-5852']",journal-article,Immunology,Joint model robustness compared with the time-varying covariate Cox model to evaluate the association between a longitudinal marker and a time-to-event endpoint
10.1016/j.jcjd.2022.03.009,2022,"['Irene Baroni', 'Rosario Caruso', 'Federica Dellafiore', 'Cristina Arrigoni', 'Diletta Fabrizi', 'Michela Luciani', 'Paola Rebora', 'Davide Ausili']","['0000-0002-1326-8642', '0000-0002-7736-6209', None, None, None, '0000-0001-7598-5658', '0000-0003-0606-5852', None]",journal-article,"Endocrinology, Diabetes and Metabolism",Diabesity in Adults With Type 2 Diabetes Mellitus: A Cross-sectional Study Exploring Self-care and Its Determinants
10.1002/bimj.201800267,2019,"['Elena Tassistro', 'Davide Paolo Bernasconi', 'Paola Rebora', 'Maria Grazia Valsecchi', 'Laura Antolini']","['0000-0001-5166-7305', '0000-0001-8771-5428', '0000-0003-0606-5852', '0000-0001-5574-3504', '0000-0003-1040-4191']",journal-article,Statistics and Probability,Modeling the hazard of transition into the absorbing state in the illness‐death model
10.1177/1054773820916987,2020,"['Michela Luciani', 'Emanuela Rossi', 'Paola Rebora', 'Michael Stawnychy', 'Davide Ausili', 'Barbara Riegel']","['0000-0001-7598-5658', None, '0000-0003-0606-5852', '0000-0003-0710-7639', '0000-0001-5212-6463', None]",journal-article,"Endocrinology, Diabetes and Metabolism","Clinical and Socio-demographic Determinants of Self-care Maintenance, Monitoring and Management in US Adults with Type 2 Diabetes Mellitus"
10.3390/a13120329,2020,"['Andrea Ruggieri', 'Francesco Stranieri', 'Fabio Stella', 'Marco Scutari']","[None, '0000-0002-5366-8499', '0000-0002-1394-0507', None]",journal-article,Artificial Intelligence,Hard and Soft EM in Bayesian Network Learning from Incomplete Data
10.1111/jopy.12915,2024,"['Federico Giannini', 'Marco Marelli', 'Fabio Stella', 'Dario Monzani', 'Luca Pancani']","['0000-0002-4210-6271', '0000-0001-5831-5441', '0000-0002-1394-0507', '0000-0001-9544-2933', '0000-0002-7834-3826']",journal-article,Clinical Psychology,Surfing the <scp>OCEAN</scp>: The machine learning psycholexical approach 2.0 to detect personality traits in texts
10.1016/j.jbi.2024.104645,2024,"['Fabio Stella', 'Francesco Calimeri', 'Mauro Dragoni']","['0000-0002-1394-0507', None, None]",journal-article,Artificial Intelligence,Call for Papers: Special Issue on Learning from Multiple Data Sources for Decision Making in Health Care
10.1007/s13748-024-00348-7,2024,"['Alice Bernasconi', 'Alessio Zanga', 'Peter J. F. Lucas', 'Marco Scutari', 'Annalisa Trama', 'Fabio Stella']","['0000-0001-8522-6882', '0000-0003-4423-2121', '0000-0001-5454-2428', '0000-0002-2151-7266', '0000-0001-8220-9833', '0000-0002-1394-0507']",journal-article,Cardiology and Cardiovascular Medicine,A causal network model to estimate the cardiotoxic effect of oncological treatments in young breast cancer survivors
10.3390/agriculture13010177,2023,"['Gabriele Sottocornola', 'Sanja Baric', 'Fabio Stella', 'Markus Zanker']","['0000-0001-9983-2330', None, '0000-0002-1394-0507', None]",journal-article,Plant Science,Development of a Knowledge-Based Expert System for Diagnosing Post-Harvest Diseases of Apple
10.1007/978-3-031-74640-6_37,2024,"['Francesco Stranieri', 'Fabio Stella']","['0000-0002-5366-8499', '0000-0002-1394-0507']",book-chapter,Management Information Systems,Comparing Deep Reinforcement Learning Algorithms in Two-Echelon Supply Chains
10.1145/3596519,2023,"['Emanuele Cavenaghi', 'Gabriele Sottocornola', 'Fabio Stella', 'Markus Zanker']","['0000-0002-0235-0421', '0000-0001-9983-2330', '0000-0002-1394-0507', '0000-0002-4805-5516']",journal-article,Management Science and Operations Research,A Systematic Study on Reproducibility of Reinforcement Learning in Recommendation Systems
10.1145/3629169,2023,"['Emanuele Cavenaghi', 'Alessio Zanga', 'Fabio Stella', 'Markus Zanker']","['0000-0002-0235-0421', '0000-0003-4423-2121', '0000-0002-1394-0507', '0000-0002-4805-5516']",journal-article,Information Systems,Towards a Causal Decision-Making Framework for Recommender Systems
10.1016/j.ijpe.2023.109099,2023,"['Francesco Stranieri', 'Edoardo Fadda', 'Fabio Stella']","['0000-0002-5366-8499', '0000-0002-5599-6349', '0000-0002-1394-0507']",journal-article,Management Information Systems,Combining deep reinforcement learning and multi-stage stochastic programming to address the supply chain inventory management problem
10.1007/978-3-031-34344-5_5,2023,"['Alessio Zanga', 'Alice Bernasconi', 'Peter J. F. Lucas', 'Hanny Pijnenborg', 'Casper Reijnen', 'Marco Scutari', 'Fabio Stella']","['0000-0003-4423-2121', '0000-0001-8522-6882', '0000-0001-5454-2428', '0000-0002-6138-1236', '0000-0001-6873-7832', '0000-0002-2151-7266', '0000-0002-1394-0507']",book-chapter,Artificial Intelligence,Causal Discovery with Missing Data in a Multicentric Clinical Study
10.1007/978-3-031-56069-9_54,2024,"['Marinella Petrocchi', 'Marco Viviani']","['0000-0003-0591-877X', '0000-0002-2274-9050']",book-chapter,Sociology and Political Science,ROMCIR 2024: Overview of the 4th Workshop on Reducing Online Misinformation Through Credible Information Retrieval
10.1007/s00779-018-01194-w,2019,"['Sondess Missaoui', 'Faten Kassem', 'Marco Viviani', 'Alessandra Agostini', 'Rim Faiz', 'Gabriella Pasi']","[None, None, '0000-0002-2274-9050', None, None, None]",journal-article,Information Systems,"LOOKER: a mobile, personalized recommender system in the tourism domain based on social media user-generated content"
10.1109/access.2025.3536205,2025,"['Davide Mancino', 'Barbara Guidi', 'Andrea Michienzi', 'Marco Viviani']","['0000-0002-9559-8476', '0000-0002-0151-6469', '0000-0001-8005-8701', '0000-0002-2274-9050']",journal-article,Information Systems,Striking the Balance: Evaluating Content Quality and Reward Dynamics in Blockchain Online Social Media
10.1007/978-3-031-28241-6_45,2023,"['Marinella Petrocchi', 'Marco Viviani']","['0000-0003-0591-877X', '0000-0002-2274-9050']",book-chapter,Sociology and Political Science,ROMCIR 2023: Overview of the 3rd Workshop on Reducing Online Misinformation Through Credible Information Retrieval
10.1007/978-3-031-71736-9_4,2024,"['Luca Cassani', 'Giovanni Livraga', 'Marco Viviani']","[None, '0000-0003-2661-8573', '0000-0002-2274-9050']",book-chapter,Information Systems,Assessing Document Sanitization for Controlled Information Release and Retrieval in Data Marketplaces
10.1109/wi-iat59888.2023.00066,2023,"['Stefano Locci', 'Luigi Di Caro', 'Giovanni Livraga', 'Marco Viviani']","['0009-0006-9725-2045', '0000-0002-7570-637X', '0000-0003-2661-8573', '0000-0002-2274-9050']",proceedings-article,Artificial Intelligence,Explainability of the Effects of Non-Perturbative Data Protection in Supervised Classification
10.1108/lht-12-2020-0317,2021,"['Federico Pianzola', 'Maurizio Toccu', 'Marco Viviani']","['0000-0001-6634-121X', '0000-0002-5769-1311', '0000-0002-2274-9050']",journal-article,Sociology and Political Science,Readers' engagement through digital social reading on Twitter: the TwLetteratura case study
10.1007/978-3-031-88714-7_34,2025,"['Luca Herranz-Celotti', 'Blessing Guembe', 'Giovanni Livraga', 'Marco Viviani']","['0000-0003-2460-8099', '0000-0002-7576-9127', '0000-0003-2661-8573', '0000-0002-2274-9050']",book-chapter,Artificial Intelligence,Can Generative AI Adequately Protect Queries? Analyzing the Trade-Off Between Privacy Awareness and Retrieval Effectiveness
10.1007/978-3-031-88720-8_52,2025,"['Udo Kruschwitz', 'Marinella Petrocchi', 'Marco Viviani']","['0000-0002-5503-0341', '0000-0003-0591-877X', '0000-0002-2274-9050']",book-chapter,Sociology and Political Science,ROMCIR 2025: Overview of the 5th Workshop on Reducing Online Misinformation Through Credible Information Retrieval
10.1145/3707701,2024,"['Paola Impiccichè', 'Marco Viviani']","['0009-0006-8938-0493', '0000-0002-2274-9050']",journal-article,Statistical and Nonlinear Physics,Comparing Echo Chamber Detection Metrics: A Cross-modeling and Cross-platform Analysis of Twitter and Reddit
